Contexto,Pergunta,Resposta,source_file,stringFilter,isAlign,isEnv,isSocial,isGovernance,isGeneral,Comentários
"This historic victory highlights Belize’s leadership in preserving ocean abundance and biodiversity, and truly valuing and protecting the livelihoods of the many people who depend on the seas.",How does the initiative in Belize reflect broader environmental goals tied to ESG principles?,"It reflects a commitment to protecting biodiversity and ensuring the sustainability of marine resources, which are essential components of environmental stewardship within ESG principles.",ESGBERT/environment_data,none,1,1,0,0,0,"Por mais que a resposta seja condizente com a pergunta, sinto que a forma que ele pergunta deixa alguns pontos a serem questionados que, sem o contexto, são mais dificeis de se responder. O ponto principal seria o fato de que a pergunta não menciona a que iniciativa de Belize a pargunta se refere, o que abre interpretação para diversas iniciativas realizadas em Belize."
"To target the continued issue of ivory souvenirs, we produced an awareness campaign that highlighted the illegality of bringing ivory products into China.",What specific issue did the awareness campaign aim to address?,The awareness campaign aimed to address the issue of ivory souvenirs.,ESGBERT/governance_data,none,1,0,1,0,0,Poderia ser literalmente qualquer campanha se tirassemos o contexto.
"Supplemented by our robust resources, the success of our Company is bolstered by employee training, an inclusive culture, and a diverse workforce.",What role does workforce diversity play in the Company’s success?,Workforce diversity plays a significant role in the Company’s success by contributing to an inclusive culture and overall performance.,ESGBERT/social_data,none,1,0,1,0,0,"A pergunta teria sido ótima, se no lugar de pergunta sobre uma companhia em especifico, fosse perguntado sobre empresas no geral."
"Through a range of mutually reinforcing initiatives, we’re creating a pipeline from college to career to the C-suite for young people who have long been overlooked and otherwise not included in the conservation world.",What group is the focus of these conservation-related initiatives?,The focus is on young people who have long been overlooked and otherwise not included in the conservation world.,ESGBERT/environment_data,none,1,1,1,0,0,"Ele fala ""these conservation-related initiatives"" e só é possível saber do que ele está falando após ler o contexto."
Wom en for Wildl ife supported the launch of Women for Conservation Botswana and cohosted its first leadership workshop for 15 Indigenous women in that country.,How many Indigenous women participated in the first leadership workshop in Botswana?,Fifteen Indigenous women.,ESGBERT/social_data,none,1,0,1,0,0,"A pergunta parece ser muito específica, procurando o número de mulheres indígenas que participaram da primeira edição de um workshop em Botswana. Com o contexto, se torna muito fácil de responder, porém sem ele, a pergunta se torna especifica demais."
"One of our eight core values is Do The Right Thing, which drives our associates to find new ways that our organization can reduce its environmental impact.",What is the organization's guiding principle that motivates efforts to reduce environmental impact?,"The guiding principle is the core value of \""Do The Right Thing.\""",ESGBERT/governance_data,none,1,1,0,0,0,Que organização? Isso só é explicado no contexto.
"This sweeping, once-in-a-generation bill includes billions of dollars for advancing clean-energy technology and transportation, boosting climate resilience in communities across the country, investing in natural infrastructure projects, improving the health of forests, and more.",What are some of the key areas the bill focuses on to address environmental concerns?,"The bill focuses on advancing clean-energy technology, improving transportation, boosting climate resilience, investing in natural infrastructure projects, and improving the health of forests.",ESGBERT/environment_data,none,1,1,0,0,0,Para entender o que a pergunta quer é necessário ler o contexto.
"With and 25 speakers, OMG Accelerate is uniquely designed to equip participants with the skills and network required to lead the agency of the future.",How many speakers are involved in the OMG Accelerate event?,The OMG Accelerate event involves 25 speakers.,ESGBERT/governance_data,none,1,0,0,0,0,"Pergunta bem específica, por mais que fale de qual evento, não fala sobre qual das edições do evento, o que torna a resposta dependente do contexto. Além disso, não vejo como essa pergunta se relaciona com o contexto ESG. "
"We are so honored to have been able to pair so many veterans before the crisis, helping them in these difficult times.",What does the statement suggest about the timing of the support provided to veterans?,The statement suggests that the support was provided before the crisis occurred.,ESGBERT/governance_data,none,1,0,1,1,0,"Impossível de responder sem o contexto, pergunta muito dependente dele."
"And through legal work, we helped maintain a moratorium on leasing public land in California to oil companies.",What role did legal advocacy play in the decision to maintain the moratorium?,Legal advocacy played a key role in maintaining the moratorium by supporting the legal basis and enforcement of the policy.,ESGBERT/governance_data,none,1,0,0,1,0,Pergunta muito dependente do contexto.
"A coalition of more than a dozen groups worked for years to conserve the area, including the Programme for Belize, the University of Belize Environmental Research Institute, the Bobolink Foundation, the Rainforest Trust, The Wyss Foundation and TNC.",Which organizations were involved in the conservation efforts of the area?,"The organizations involved in the conservation efforts included the Programme for Belize, the University of Belize Environmental Research Institute, the Bobolink Foundation, the Rainforest Trust, The Wyss Foundation, and TNC.",ESGBERT/environment_data,none,1,1,0,1,0,Pergunta dependente do contexto.
"Maloha LLC Monarch Mountain New Leaf Detox and Treatment Inc. Northrop Grumman Outbound Financial PAPER PROJECT PBWS Architects Rapid Axis Rare Collectibles TV, LLC Rebellion Energy Services Operating, LLC Red House Architecture Roundup Riders of the Rockies Heritage and Trails Foundation Sandler O’Neill + Partners SequoiaCX Snowshoe Mountain StarQuest Group StayOver Management Strong Tower Consulting Tarbell Family Foundation Team Lawler Customs The Desert Leaf The von Gontard Family Foundation Timberline Lodge TypeHaus, Inc. Ultra Creative, Inc. WaiverSign Walking in Nature Walmart Wild Tribute Wine Nook Woodlake Outdoor, Inc.",Which entity might have a role in promoting environmental stewardship through its operations?,Walking in Nature might have a role in promoting environmental stewardship through its operations.,ESGBERT/governance_data,none,1,1,0,0,0,"A pergunta é possível de responder sem o contexto, mas a resposta poderia não ser a resposta que é procurada, já que poderia ter mais de uma entidade para esse caso."
"CG-MR- (1) For eligible jewelry consultants in the US, our total average hourly wage is $20.55.",Which group of workers in the US is reported to have an average hourly wage of $20.55?,Eligible jewelry consultants in the US.,ESGBERT/social_data,none,0,0,1,0,1,"A pergunta está marcada como desalinhada, porém acho que o par é bem condizente, meu único problema é que a pergunta não especifica uma data, então dependendo da pesquisa e de quando ela for realizada, pode ser que a resposta encontrada seja outra. Além disso, talvez ela por si só seja meio problemática, não sei qual seria o objetivo de uma pergunta dessas."
E Describe the board’s oversight of climate-related risks and opportunities.,Why is it important for the board to engage with climate-related risks?,"It is important because climate-related risks can significantly affect the organization’s strategy, operations, and financial performance, requiring proactive governance and decision-making.",ESGBERT/governance_data,none,1,1,0,0,0,"Ele se refere a um ""board"", mas só dá para entender qual ""board"" ele se refere."
"Our Supplier Code of Conduct establishes our expectations for ethical behavior at our suppliers, including anti-corruption policies and clauses on human rights.",What specific areas of ethical behavior does the Supplier Code of Conduct emphasize?,The Code emphasizes anti-corruption policies and the inclusion of human rights clauses.,ESGBERT/governance_data,none,1,0,0,1,0,Não é possível saber a qual código ele se refere pela pergunta.
"Our inaugural fellows, Tepoerau Mai and Te Aomihia Walker, have used their fellowships as launchpads to secure scholarships to further their education and research.",How have the fellowships contributed to the professional development of Tepoerau Mai and Te Aomihia Walker?,The fellowships have contributed to their professional development by acting as launchpads for securing further educational and research opportunities.,ESGBERT/social_data,none,1,0,1,0,0,"The fellowships está meio ambíguo, por mais que possa ser interpretado como bolsas, no geral, o contexto dá a entender que seria algo mais específico, por isso, acredito que haja uma dependencia do contexto."
"As his family struggled to reclaim some sense of normal life and be reunited with Roscoe, we worked with our sheltering partners to care for him.",What support was provided to ensure Roscoe's well-being during his family's efforts to reunite?,Sheltering partners were involved to care for Roscoe.,ESGBERT/social_data,none,1,0,0,1,0,Não entendi muito bem como a pergunta se encaixa no contexto ESG.
"01 9 In 2021, a bold partnership of The Nature Conservancy, The Pew Charitable Trusts, the World Wildlife Fund and ZOMALAB began taking aim at dramatically increasing the pace and scale of nature protection.",How could this 2021 partnership contribute to environmental sustainability goals?,"By accelerating and expanding efforts to protect nature, the partnership could contribute to environmental sustainability through enhanced conservation practices and increased ecological resilience.",ESGBERT/environment_data,none,1,1,0,0,0,Não é possível saber a qual partnership ele se refere sem o contexto.
"With that in mind, Ult im at e Civics has been deep in development with the Cloud Institute for Sustainability Education to create lesson material about using civic power as responsible citizens to shape, operate, and maintain an equitable and more sustainable democracy for all.",Which group is Ultimate Civics partnering with to develop civic education content?,Ultimate Civics is partnering with the Cloud Institute for Sustainability Education.,ESGBERT/social_data,none,1,1,0,0,0,"Acho que o grande problema da pergunta é uma falta de mencionar a época, dependendo da época que a pergunta for feita, a resposta poderia variar."
"ISSUE SUMMARY Earthjustice and community groups reached a landmark settlement with the developer of a massive warehouse to invest $vehicles and equipment, rooftop solar, and other solutions that will electrify the facility and reduce harms to local air quality, wildlife, and the climate.",What kind of environmental improvements will the developer invest in to reduce harms to the local environment?,"The developer will invest in vehicles and equipment, rooftop solar, and other solutions to electrify the facility and reduce harms to local air quality, wildlife, and the climate.",ESGBERT/social_data,none,1,1,1,0,0,Que desenvolvedor? Só é possível saber no contexto.
"We will work to identify similarly resilient environments and reefs across the world’s oceans, and encourage our government and community partners to focus conservation efforts on these safe havens.",What kind of environments is the initiative aiming to identify?,The initiative is aiming to identify resilient environments and reefs.,ESGBERT/social_data,none,1,1,1,0,0,Só é possível saber sobre a iniciativa pelo contexto.
"ANTI-CORRUPTION Principle 10: Businesses should work against corruption in all its forms, including extortion and bribery.","According to Principle 10, what specific unethical practices should businesses actively oppose?",Businesses should actively oppose extortion and bribery.,ESGBERT/governance_data,none,1,0,1,0,0,Dificil de saber de onde vem o principio.
"• Co-created a toolkit for senior centers to incorporate ridesharing into community transportation strategies through an initiative with Lyft and senior center partners, informed by a multi-site pilot.",What partnership was developed to help senior centers integrate ridesharing into their community transportation strategies?,A partnership with Lyft and senior center partners was developed to co-create a toolkit for incorporating ridesharing into community transportation strategies.,ESGBERT/social_data,none,1,0,1,0,0,"Como não é especificado um local/uma data, é possível que a resposta encontrada para pergunta não fosse a requerida."
Early-career recruitment program participants typically learn about the end-to-end talent acquisition process and talent management consulting methodologies.,What type of training do early-career recruitment program participants typically receive?,Early-career recruitment program participants generally learn about the end-to-end talent acquisition process and talent management consulting methodologies.,ESGBERT/governance_data,none,1,0,1,0,0,"A pergunta poderia ser respondida de várias formas, sendo assim, para que a resposta correta seja dada, há uma dependência do contexto"
"Supplemented by our robust resources, the success of our Company is bolstered by employee training, an inclusive culture, and a diverse workforce.",How does the Company support the development of its employees?,The Company supports the development of its employees through robust resources and employee training.,ESGBERT/social_data,none,1,0,1,0,0,Depende do contexto para ser respondida.
"In approximately 36% of our U.S. new hires were women, while more than 57% of U.S. new hires were from an underrepresented minority group.",What percentage of U.S. new hires were from an underrepresented minority group?,More than 57%.,ESGBERT/social_data,none,1,0,1,0,0,"Como se trata de uma estatistica, a data para qual a pergunta está sendo feita é relevante. Além disso, sinto que o par poderia dar um bias para o modelo."
Our team of analysts and animal welfare scientists helps ensure that our efforts make the greatest impact—and that your dollars do the most good for animals.,How does the organization ensure that contributions are used effectively?,The organization uses a team of analysts and animal welfare scientists to ensure that contributions are used in a way that maximizes their impact for animals.,ESGBERT/social_data,none,1,1,1,0,0,Depende muito do contexto.
"Veterans and firefighters came out to support our efforts to bring awareness to the issue, even testifying along with EWG in congressional hearings.",Which groups provided public support to the efforts to raise awareness about the issue?,Veterans and firefighters provided public support to the efforts to raise awareness about the issue.,ESGBERT/governance_data,none,1,0,0,0,0,"Mesmo com o contexto a pergunta sobre ""qual o problema que ele se refere?"" permanece"
EDF has highlighted the urgency of this issue and is helping lead the way to effective solutions.,What role is EDF playing in addressing urgent environmental issues?,EDF is helping lead the way to effective solutions.,ESGBERT/governance_data,none,1,1,0,1,0,"Acho que a pergunta depende muito do momento e como não tem uma data na pergunta, isso pode fazer com que ela seja um par ruim."
", we are committed to acting ethically and in compliance with laws as we make decisions and interact amongst ourselves, our customers, our sup pliers and our communities.",What guiding principles does the organization emphasize in its decision-making and interactions?,The organization emphasizes acting ethically and in compliance with laws in its decision-making and interactions.,ESGBERT/governance_data,none,1,0,0,1,0,A pergunta depende muito do contexto.
"fighting to protect their water, their community and our future.",How does the community’s action relate to broader ESG principles?,The community’s action relates to broader ESG principles by addressing environmental sustainability and social responsibility through the protection of natural resources and community well-being.,ESGBERT/social_data,none,1,1,1,1,0,"Está bem dependente do contexto e, além disso, o contexto está bem ruim."
"Kicking off the year, these ambassadors are leveraging school assets and local connections to plan and implement outdoor activities to engage their campus community, impacting more than 200 college students.",How are the ambassadors engaging the campus community?,By planning and implementing outdoor activities.,ESGBERT/social_data,none,1,0,1,0,0,A pergunta parece ser bem dependente do contexto.
"Soon after the board vote, EDF announced a partnership with Legal & General Investment Management America, the American arm of the world’s investment management firm.",What is the relationship between Legal & General Investment Management America and the global investment firm?,Legal & General Investment Management America is the American arm of the world’s investment management firm.,ESGBERT/governance_data,none,1,0,0,1,0,A resposta não parece fazer sentido com a pergunta.
"Through a program called PAMSIMAS, the government provides stimulants for villages to develop community-based water supply and sanitation systems in rural areas.",What initiative supports the development of community-based water supply and sanitation systems in rural areas?,The PAMSIMAS program supports the development of community-based water supply and sanitation systems in rural areas.,ESGBERT/social_data,none,1,1,1,1,0,Podem facilmente existir várias iniciativas diferentes pelo mundo que fazem o que é perguntado.
"We also worked together with local villagers, the National Trust of Fiji, and other partners to develop a management plan to protect the area in the future.",What kind of collaboration was established to ensure the long-term protection of the area?,"A collaborative effort was established with local villagers, the National Trust of Fiji, and other partners.",ESGBERT/governance_data,none,1,0,0,1,0,Pergunta completamente dependente do contexto.
"Online, the Journal highlighted the work of activists fighting fossil fuel companies and demanding bold climate action; reported on the ongoing persecution of apex predators in the U.S.; and dedicated a large share of its coverage to issues at the intersection of race, gender, poverty, and environment.",What types of environmental and social issues does the Journal emphasize in its coverage?,"The Journal emphasizes issues at the intersection of race, gender, poverty, and the environment, along with climate action and the protection of apex predators.",ESGBERT/social_data,none,1,1,1,0,0,Pergunta completamente dependente do contexto.
"our long-standing commitment to responsible, ethical business practices and upholding the Ten Principles of the UN Global Compact on human rights, labour, environment, and anti-corruption.",What areas does the organization emphasize in its ethical business practices?,"The organization emphasizes human rights, labour, environment, and anti-corruption in its ethical business practices.",ESGBERT/social_data,none,1,1,1,1,0,Pergunta completamente dependente do contexto.
"Mice—even those raised in standard, mostly barren “shoebox” cages—responded well when provided early life access to play areas.",What kind of environment were the mice initially kept in?,"The mice were initially kept in standard, mostly barren \""shoebox\"" cages.",ESGBERT/governance_data,none,1,1,0,0,0,Pergunta completamente dependente do contexto.
"In the event that we identify a security issue, we have defined procedures to respond and recover as quickly as possible.",What does the organization aim to achieve through its defined procedures for security issues?,The organization aims to respond and recover as quickly as possible.,ESGBERT/governance_data,none,1,0,0,1,0,Pergunta completamente dependente do contexto.
The numbers above are preliminary and are subject to change upon audit.,Under what condition could the numbers change?,The numbers could change upon audit.,ESGBERT/governance_data,none,1,0,0,0,0,Pergunta completamente dependente do contexto.
However by carbon emissions may have already reached levels that could spark catastrophic impacts.,What issue is highlighted as being potentially critical for global environmental stability?,Carbon emissions are highlighted as being potentially critical for global environmental stability.,ESGBERT/governance_data,none,1,1,0,0,0,"Essa aqui é quase boa, mas eu sinto que a forma que a pergunta é feita dá muita margem para erro."
"Subsequently, the USFWS released four captive wolves and fostered four red wolf pups with a wild female wolf, doubling the population, which had fallen from over a hundred in last year.",What does this conservation effort illustrate about the USFWS’s commitment to biodiversity?,This conservation effort illustrates the USFWS’s proactive commitment to preserving and restoring endangered species like the red wolf.,ESGBERT/social_data,none,1,1,0,0,0,Pergunta depende bastante do contexto.
"We also continue to make investments in our associates – recent actions include our decision at the end of transition our COVID-related enhanced associate pay and benefits to permanent compensation enhancements for frontline, hourly associates.",Which group of associates received permanent compensation enhancements as a result of this decision?,"Frontline, hourly associates received permanent compensation enhancements.",ESGBERT/governance_data,none,1,0,0,1,0,A pergunta é muito dependente do contexto
"This material refernces the SASB Restaurants Standard, Version 2018-10.",What does the reference to the SASB Restaurants Standard indicate about the focus of the material?,The reference indicates that the material focuses on governance and sustainability-related disclosures relevant to the restaurant industry.,ESGBERT/governance_data,none,1,1,0,1,0,"""Não é tão útil"" - Gabriel"
"While agreements emerging from negotiations to decarbonize the global economy and accelerate the clean-energy transition ultimately fell short, nations did agree on major initiatives to rein in methane emissions, halt deforestation and make new climate finance pledges.",What was the outcome of the negotiations aimed at accelerating the clean-energy transition?,The negotiations ultimately fell short of their goals for decarbonizing the global economy and accelerating the clean-energy transition.,ESGBERT/environment_data,none,1,1,0,1,0,A pergunta é bastante dependente do contexto.
"Leadership Structure On at least an annual basis, the Board assesses its leadership structure, including the appointment of the Chair of the Board.",How frequently does the Board assess its leadership structure?,The Board assesses its leadership structure on at least an annual basis.,ESGBERT/governance_data,none,1,0,0,1,0,A pergunta é bastante dependente do contexto.
"In 2021, 9.2 million more people in eleven countries now have access to safe water or sanitation.",In what year did the eleven countries see an increase in access to safe water or sanitation?,2021,ESGBERT/social_data,none,1,0,1,0,0,A pergunta é bastante dependente do contexto.
THANK YOU to all of our monitors across the country: you are the first line of defense for clean water.,What kind of environmental issue are the monitors addressing?,The monitors are addressing the issue of water pollution by ensuring the preservation of clean water resources.,ESGBERT/environment_data,none,1,1,0,0,0,A pergunta é bastante dependente do contexto.
"That’s why we work to share resources, train animal advocates, and build a welcoming, collaborative community of Changemakers around the world.",What role does training play in the organization's efforts to support animal advocacy?,Training plays a key role in empowering animal advocates as part of the organization's efforts to advance their cause globally.,ESGBERT/social_data,none,1,1,0,1,0,A pergunta é bastante dependente do contexto.
On Target Co-develop designers and talent in the diamond jewelry sector for BIPOC creative design talent in the US by adding five BIPOC-owned companies/brands to our vendor list through co-development.,What specific outcome is the company aiming to achieve through this initiative?,"The company aims to co-develop with and include five BIPOC-owned companies/brands in its vendor list, supporting talent development within the diamond jewelry sector.",ESGBERT/social_data,none,1,0,1,0,0,A pergunta é bastante dependente do contexto.
"With the law in place, she no longer would have been able to access gender-affirming care.",What impact could such restrictions have on individuals seeking gender-affirming care?,Such restrictions could prevent individuals from receiving the care they need.,ESGBERT/social_data,none,1,0,1,1,0,A pergunta é bastante dependente do contexto.
"We will expand our work around the world, increasing our focus on infrastructure through partnerships with water utilities, and continue to break down the financial barriers between people and access to safe water.",What barriers does the organization aim to break down to improve access to safe water?,The organization aims to break down financial barriers.,ESGBERT/environment_data,none,1,1,1,0,0,A pergunta é bastante dependente do contexto.
"And, he says, “Always look up.” It was tough at first, he admits—learning to live with structure, rules, and discipline.",What does the individual’s experience suggest about the challenges of personal growth?,"The individual’s experience suggests that personal growth can involve initial difficulty in embracing structure, rules, and discipline.",ESGBERT/governance_data,none,1,0,0,1,0,A pergunta é bastante dependente do contexto.
All of our suppliers are expected to adhere to our Supplier Code of Conduct.,How is the organization promoting responsible supply chain management?,By requiring all suppliers to adhere to the Supplier Code of Conduct.,ESGBERT/social_data,none,1,0,1,0,0,A pergunta é bastante dependente do contexto.
"With an enhanced Code of Business Conduct rolled out across the Omnicom network in 2018, we then achieved our goal to establish business ethics and antibribery training for our full-time, regular employees worldwide in 2020.",Which group of employees was targeted for business ethics and antibribery training in Omnicor’s global initiative?,"Full-time, regular employees were targeted for the training.",ESGBERT/governance_data,none,1,0,1,1,0,Achei a pergunta meio específica demais.
"Generous donors including the Marisla Foundation, Offield Family Foundation, Orange County Community Foundation, Sue J. Gross Foundation, and others provided the necessary funding to secure this victory.",Which foundations contributed to the funding that secured the victory?,"The Marisla Foundation, Offield Family Foundation, Orange County Community Foundation, and Sue J. Gross Foundation contributed to the funding.",ESGBERT/social_data,none,1,0,0,0,0,A pergunta é bastante dependente do contexto e não parece se relacionar tanto com o contexto ESG
Our zoological health experts determined he needed a root canal to alleviate his discomfort.,Which group of professionals assessed the animal's health condition?,Zoological health experts assessed the animal's health condition.,ESGBERT/social_data,none,1,1,0,0,0,A pergunta é bastante dependente do contexto
"The Signet Team Member Relief Fund provides assistance, in the form of grants, to eligible Signet team members who have encountered a financial or other hardship for reasons beyond their control.",Under what conditions can Signet team members receive assistance from the Relief Fund?,Signet team members can receive assistance from the Relief Fund if they have encountered a financial or other hardship for reasons beyond their control.,ESGBERT/governance_data,none,1,0,1,1,0,Pergunta específica demais.
We will increase our base wage to $15 per hour by Spring 2022 in the US.,What specific group of workers will benefit from this wage increase?,US employees will benefit from this wage increase.,ESGBERT/social_data,none,1,0,1,0,0,A pergunta é bastante dependente do contexto
We are working to cut greenhouse gas emissions in half by more prosperous world for all.,What kind of progress metric could be used to track success toward this environmental objective?,A progress metric could involve measuring the reduction in total greenhouse gas emissions over time.,ESGBERT/environment_data,none,1,1,0,0,0,A pergunta é bastante dependente do contexto
This resulted in record award payments to our non-management associates of approximately $739 million.,What was the total amount of record award payments given to non-management associates?,The total amount was approximately $739 million.,ESGBERT/governance_data,none,1,0,0,1,0,O par não parece ser muito útil
This project could add new protected areas and improve management on existing spaces to conserve nearly as well as improve opportunities and resource rights for 10 million people.,How does the project aim to contribute to both environmental conservation and community well-being?,"The project aims to add new protected areas and improve the management of existing spaces, which will help conserve natural resources while also enhancing opportunities and resource rights for 10 million people.",ESGBERT/governance_data,none,1,1,1,1,0,A pergunta é bastante dependente do contexto
I’ve now been doing conservation work for about years helped me improve my skills in real-world situations.,How has engaging in conservation work impacted the individual’s professional development?,Engaging in conservation work has helped the individual improve their skills in real-world situations.,ESGBERT/environment_data,none,1,1,0,0,0,A pergunta é bastante dependente do contexto
"Proxy Statement, Pages Omnicom’s leadership team oversees economic, environmental, social and governance initiatives.",What does the involvement of Omnicom’s leadership team in governance initiatives suggest about the company’s commitment?,It suggests a commitment to integrating governance considerations into the company's overall strategy and operations.,ESGBERT/governance_data,none,1,0,0,1,0,A pergunta é bastante dependente do contexto
"As a college freshman trying to explore different subject areas, your magazine has been amazing in introducing me to wildlife conservation and organizations in a fun and interactive way,\"" said a student reader.",What impact does the magazine have on a college student's understanding of environmental issues?,"It helps students explore subject areas like wildlife conservation and learn about organizations working in the field, enhancing their understanding of environmental issues.",ESGBERT/environment_data,none,1,1,1,0,0,A pergunta é bastante dependente do contexto
"We discuss the ways we use the information we collect, and how customers can find out more about the personal information we collect about them, on the Privacy & Security Center page of our corporate website.",What kind of information is made available to customers through the corporate website?,"Through the corporate website, customers are made aware of the ways their personal information is used and can find out more about the data collected about them.",ESGBERT/governance_data,none,1,0,0,1,0,A pergunta é bastante dependente do contexto
Served 6 The quality and safety of our products and services are a high priority.,What does the organization emphasize in relation to its offerings?,The organization emphasizes the quality and safety of its products and services.,ESGBERT/social_data,none,1,0,1,0,0,A pergunta é bastante dependente do contexto
"Total water consumption for Domino's corporate supply chain centers and stores in 2019 is estimated to be 91,575 m3 (91.58 ML).",What might Domino's consider to improve its environmental performance based on the water usage data?,"Domino's might consider adopting water conservation practices, improving water efficiency, or investing in sustainable water management systems to improve its environmental performance.",ESGBERT/governance_data,none,1,1,0,0,0,Pergunta específica demais.
"We protect these gains through rigorous patrolling, bolstering law enforcement, and partnering with communities to foster conservation.",How is community involvement utilized in the conservation efforts?,Communities are partnered with to foster conservation.,ESGBERT/environment_data,none,1,1,0,0,0,A pergunta é bastante dependente do contexto
"For more information on our commitment to ethics and compliance, see the Governance section of this report.",Where can one find more details about the company's commitment to ethics and compliance?,More details about the company's commitment to ethics and compliance can be found in the Governance section of the report.,ESGBERT/governance_data,none,1,0,0,1,0,A pergunta é bastante dependente do contexto
Our commitment to serving the communities where we operate goes back to were organized and our first corporate donation was made.,When did the organization begin its corporate donations to communities?,The organization began its corporate donations to communities when it was first organized.,ESGBERT/social_data,none,1,0,1,0,0,A pergunta é bastante dependente do contexto
"ESG and sustainability strategy While this Report focuses on our internal ESG initiatives and actions, our impact is not solely internal.","What does the mention of \""our impact is not solely internal\"" suggest about the organization's approach to ESG?","It suggests that the organization considers the external effects of its ESG initiatives, implying a commitment to creating broader, positive sustainability outcomes beyond its internal systems.",ESGBERT/governance_data,none,1,1,0,1,0,A pergunta é bastante dependente do contexto
This expansion makes it the second-largest marine national park in the Mediterranean and the first one to protect deep-sea ecosystems in Spain.,What new type of ecosystem does this marine national park now protect?,It now protects deep-sea ecosystems.,ESGBERT/environment_data,none,1,1,0,0,0,A pergunta é bastante dependente do contexto
"• Co-created a toolkit for senior centers to incorporate ridesharing into community transportation strategies through an initiative with Lyft and senior center partners, informed by a multi-site pilot.",What was the basis for developing the toolkit to support senior centers in using ridesharing services?,The toolkit was informed by a multi-site pilot that tested the integration of ridesharing into community transportation strategies.,ESGBERT/social_data,none,1,0,1,0,0,A pergunta é bastante dependente do contexto
"It serves as a central hub to recognize associates for living our values, promote company news, cultivate connections between front-line and corporate associates and fuel the orangeblooded entrepreneurial spirit that’s part of what drives our business every day.",What role does recognition play in the company’s efforts to embody its values?,"Recognition is used as a tool to highlight and reward associates who live the company’s values, thereby reinforcing them within the organization.",ESGBERT/governance_data,none,1,0,0,1,0,A pergunta é bastante dependente do contexto
they become participants in solving their family’s water crisis.,What approach is encouraged to address water scarcity within families?,An approach involving active participation of family members in solving their water crisis is encouraged.,ESGBERT/social_data,none,1,1,1,0,0,Pergunta não parece ter uma resposta concreta sem o contexto.
Signet is a Great Place to Work-Certified™ company and has been named to the Bloomberg Gender-Equality Index for four consecutive years.,For how many consecutive years has Signet been included in the Bloomberg Gender-Equality Index?,Signet has been included in the Bloomberg Gender-Equality Index for four consecutive years.,ESGBERT/social_data,none,1,0,1,0,0,Pergunta não parece ter utilidade prática.
This unrivaled biodiversity haven is an important carbon sink that fortifies our natural defenses against climate change.,What environmental role does this biodiversity haven play in strengthening natural systems?,"It fortifies natural defenses against climate change, enhancing ecosystem resilience.",ESGBERT/environment_data,none,1,1,0,0,0,A pergunta é bastante dependente do contexto
"In the context of this Report, the term “material” is distinct from, and should not be confused with, such term as defined for SEC reporting purposes.","What potential implications could arise from conflating the two definitions of \""material\""?","Conflating the two definitions could lead to misinterpretations of the report's findings, misaligned stakeholder expectations, and a lack of clarity in how ESG-related issues are prioritized and communicated.",ESGBERT/governance_data,none,1,1,0,0,0,"Na dúvida, coloquei aqui, pois parece ser uma pergunta que depende do contexto."
"With hundreds, if not thousands, of new dams planned and under construction in this region of free-flowing rivers— sometimes known as the “blue heart” of Europe—TNC is also advocating for smart renewable energy and river protections.",Why might the construction of dams in this region be a concern for environmental protection?,"The region is described as having free-flowing rivers, suggesting that damming could disrupt these natural systems and harm their ecological integrity.",ESGBERT/environment_data,none,1,1,0,0,0,A pergunta é bastante dependente do contexto
Our Solution Exchange Policy requires a log to ensure the process is conducted in a timely manner.,What mechanism is in place to ensure the Solution Exchange Policy is implemented in a timely manner?,A log is required to ensure the process is conducted in a timely manner.,ESGBERT/governance_data,none,1,0,0,1,0,Pergunta parece ser específica demais.
"Relying on Connie’s decades of experience as a certified public accountant, the LaFonds decided the best way to support TNC’s future work was through a bequest and a deferred gift annuity.",What professional experience informed the LaFonds’ decision on how to support TNC?,The decision was informed by Connie’s decades of experience as a certified public accountant.,ESGBERT/governance_data,none,1,0,0,1,0,Achei tanto a pergunta quanto a resposta extremamente confusos.
"Program Organizational GrowthDespite the negative impacts of COVID-19 over the last two years, thanks to the efforts of our adaptable team and steadfast supporters, we continue to benefit from steady growth in financial resources to support current and future conservation efforts.",How have the organization's efforts contributed to conservation despite the challenges posed by the pandemic?,"The efforts of the adaptable team and steadfast supporters have ensured steady growth in financial resources, which in turn supports current and future conservation efforts.",ESGBERT/environment_data,none,1,1,0,0,0,A pergunta é bastante dependente do contexto
"Ultimately, our goal is to expand and strengthen management of protected areas where elephants occur now, as well as in some regions where they used to occur, so their populations can fully recover, rewild, and thrive.",What geographic focus is mentioned for improving the management of protected areas?,The focus is on areas where elephants currently occur and some regions where they used to occur.,ESGBERT/governance_data,none,1,1,0,1,0,A pergunta é bastante dependente do contexto
"Living our values has allowed us to be recognized for our Corporate Social Responsibility efforts for the a row, including best practices in all our programs and focusing on maintaining sustainable relationships with our stakeholders to continue providing the best service.",What recognition has the organization received as a result of its Corporate Social Responsibility efforts?,"The organization has been recognized for its Corporate Social Responsibility efforts, including best practices in all its programs.",ESGBERT/governance_data,none,1,0,1,1,0,A pergunta é bastante dependente do contexto
"WCS also supported the provision of food and transport of community members to local markets in the absence of any other transportation, providing an alternative to bushmeat consumption, which saw a fourfold increase during lockdown.",What role did transportation play in addressing bushmeat reliance?,"Transportation provided by WCS enabled community members to access local markets, offering a viable alternative to bushmeat consumption.",ESGBERT/social_data,none,1,0,1,1,0,"O par não me parece muito bom, pois a pergunta não está específica o suficiente para chegar a resposta exigida com facilidade."
"We have all seen the visible impacts of climate change before our eyes, such as more extreme weather and natural disasters, chronic drought and economic instability,” says Eddy Silva, TNC’s climate adaptation program manager in the Caribbean.",What region is Eddy Silva associated with in his role at TNC?,Eddy Silva is associated with the Caribbean region in his role at TNC.,ESGBERT/environment_data,none,1,0,1,1,0,O par não parece ser muito útil para o conjunto
"in supply chain, corporate stores and headquarters where data was available, approximately 37%, or 5,914 tons, was diverted to recycling from disposal.",What percentage of waste was diverted to recycling from disposal in corporate stores and headquarters in the supply chain?,Approximately 37% of the waste was diverted to recycling from disposal in corporate stores and headquarters.,ESGBERT/governance_data,none,1,1,0,1,0,A pergunta é bastante dependente do contexto
"If well-managed, this region can serve as a sanctuary for threatened biodiversity while providing high yields of foods central to the region’s unique cultural heritage.",How can this region contribute to both biodiversity conservation and food security?,"If well-managed, the region can serve as a sanctuary for threatened biodiversity while providing high yields of foods central to the region’s unique cultural heritage.",ESGBERT/environment_data,none,1,1,0,0,0,A pergunta é bastante dependente do contexto
We are rebuilding abundant oceans by winning science-based policies in countries that control nearly one-third of the world’s wild fish catch.,How does the organization aim to achieve ocean restoration?,The organization aims to achieve ocean restoration by advocating for and winning science-based policies in key fishing nations.,ESGBERT/governance_data,none,1,0,0,1,0,A pergunta é bastante dependente do contexto
Flexible work WRI approved a new framework prioritizing the creation of working conditions that maximize our impact while emphasizing productivity in an equitable way.,How does the new framework aim to ensure fairness in the workplace?,"By emphasizing productivity in an equitable way, the framework seeks to ensure fairness in the workplace.",ESGBERT/social_data,none,1,0,1,0,0,A pergunta é bastante dependente do contexto
"On what she thought was going to be the worst day of her life, Queen went to Essex Community College to drop the remaining five classes she needed to graduate.",How many classes did Queen need to drop in order to graduate?,Queen needed to drop five classes.,ESGBERT/social_data,none,1,0,0,0,0,Nem entendi como se relaciona ao contexto ESG.
"As these gases have built up in the atmosphere, they have essentially wrapped an extra blanket around the planet, causing it to warm.",What analogy is used to explain the impact of increased atmospheric gases on the planet?,The impact of increased atmospheric gases is explained using the analogy of an extra blanket wrapped around the planet.,ESGBERT/environment_data,none,1,1,0,0,1,"Interessantemente a pergunta é geral, porém ela tem multiplas respostas, o que gera inconsistência. Uma analogia bem comum é de uma estufa, ela é bem usada no ensino."
"Our attorneys defended the historic veto of the massive Spruce No. Mine, turning the tide against the devastating practice of mountaintop removal in Appalachia.",What legal action did the attorneys take to protect Appalachia from environmental harm?,The attorneys defended the historic veto of the massive Spruce No. Mine.,ESGBERT/governance_data,none,1,0,0,1,0,A pergunta é bastante dependente do contexto
"By building on our roots, I’m confident that we will continue to bring these values to life, and I am proud to lead this work.",What does the leader express confidence in continuing to do?,The leader expresses confidence in continuing to bring values to life.,ESGBERT/governance_data,none,1,0,0,1,0,A pergunta é bastante dependente do contexto
"The information included in, and any issues identified as material for purposes of, this document may not be considered material for Securities and Exchange Commission (“SEC”) reporting purposes.",What is the relationship between material issues identified in this document and the SEC's materiality standards?,Material issues identified in this document may not be considered material for SEC reporting purposes.,ESGBERT/governance_data,none,1,0,0,1,0,Mesmo com o contexto a pergunta é bastante confusa.
We encourage suppliers and factory workers to communicate concerns via processes outlined in our corporate Code of Conduct.,What role does the corporate Code of Conduct play in addressing workplace concerns?,The corporate Code of Conduct outlines the processes that suppliers and factory workers can follow to communicate their concerns.,ESGBERT/governance_data,none,1,0,1,1,0,A pergunta é bastante dependente do contexto
WRI’s Energy Access Explorer provides an unvarnished look at where energy options are available in underserved areas.,What initiative provides insights into energy availability in underserved areas?,WRI’s Energy Access Explorer.,ESGBERT/environment_data,none,1,1,0,0,0,Pergunta parece meio dificil de se responder corretamente.
"Right now, our nation has a window of opportunity in which we can deepen and expand protections of civil liberties and civil rights.",What does the current moment suggest about the potential for governance reform in the area of civil liberties?,The current moment suggests that there is potential to strengthen governance through expanded protections for civil liberties.,ESGBERT/governance_data,none,1,0,0,1,0,Pergunta bem confusa.
"Employee Health & Safety ( (2) Fatality rate Number 1 employee; 0 contractors (FY 2019) 2 employees; 0 contractors (FY 2020) (3) Near miss frequency rate (NMFR) Rate Trinity recognizes the importance of reviewing all work-related environmental, health and safety incidents, including near misses.",What was the trend in the number of employee fatalities from FY 2019 to FY 2020?,The number of employee fatalities increased from 1 in FY 2019 to 2 in FY 2020.,ESGBERT/social_data,none,1,0,1,0,0,"A pergunta é meio estranha, mas o principal ponto mesmo é que ela é muito especifica."
the most comprehensive piece of legislation on plastic pollution to date.,What type of legislation is being described as the most comprehensive to date?,Legislation on plastic pollution.,ESGBERT/environment_data,none,1,1,0,0,1,"A pergunta pode ter várias respostas diferentes, na minha visão"
"Over the next five years, we seek to further improve forest management in the Congo Nile Divide and deliver additional nature-based benefits to nearly 1.4 million people.",How many people is the initiative aiming to provide nature-based benefits to over the next five years?,The initiative aims to provide nature-based benefits to nearly 1.4 million people over the next five years.,ESGBERT/environment_data,none,1,1,0,1,0,A pergunta é bastante dependente do contexto
Management announced it would reverse course on a decision (finalized the October before) to conduct risky sterilization surgeries on wild horses in Utah.,What change in stance did Management announce regarding the sterilization surgeries?,Management announced it would reverse course on the decision to conduct risky sterilization surgeries on wild horses in Utah.,ESGBERT/governance_data,none,1,1,0,1,0,"Acho que a pergunta ficou confusa, porque não dá para saber direito qual ""Management"" está sendo referido."
"Right now, our nation has a window of opportunity in which we can deepen and expand protections of civil liberties and civil rights.",What aspect of the Social pillar of ESG does the opportunity refer to?,"The opportunity refers to civil liberties and civil rights, which are key components of social equity and inclusion.",ESGBERT/social_data,none,1,0,1,0,0,A pergunta é bastante dependente do contexto
"Ted Danson To most, Danson is known for TV and movie acting roles, but for those in the conservation movement, he is much more famous for his work as a passionate ocean advocate and Oceana spokesman.",How is Ted Danson connected to environmental advocacy beyond entertainment?,"Beyond his career in entertainment, Ted Danson is actively involved in the conservation movement, particularly through his work promoting ocean health.",ESGBERT/environment_data,none,1,1,0,1,0,"Pergunta não parece ser tão útil assim, pois só fala sobre uma pessoa em específico."
"The national government subsequently began working toward an animal welfare law that would ban import of cetaceans for display, tourist encounters with cetaceans (such as swim-with-dolphin programs), and cetacean displays in any new facilities.",Which government entity is taking action to introduce this new animal welfare law?,The national government is taking action to introduce this new animal welfare law.,ESGBERT/environment_data,none,1,1,0,1,0,A pergunta é bastante dependente do contexto
"The bill provides significant funding for + programs to provide shelter to survivors of domestic violence and their companion animals, + conservation efforts on behalf of critically endangered North Atlantic right whales, + efforts to combat wildlife trafficking and dangerous wildlife practices that threaten global public health, and + Horse Protection Act enforcement.",What role does the bill play in supporting vulnerable animals?,"The bill plays a role in supporting vulnerable animals by funding conservation efforts for critically endangered North Atlantic right whales, combating wildlife trafficking, and enforcing protections for horses.",ESGBERT/environment_data,none,1,1,0,0,0,A pergunta é bastante dependente do contexto
In the US: We are urging the Administration and Congress to strengthen global health security by preventing the root causes of zoonotic-origin pandemics.,Which entities in the US are being urged to take action on global health security?,The Administration and Congress in the US are being urged to take action.,ESGBERT/social_data,none,1,0,1,1,0,Pergunta depende muito do momento em que é feita e do contexto
"On International Fishermen’s Day last June, artisanal fishers in the Brazilian state of Rio Grande do Sul shared an Oceana image on social media urging the Supreme Court (STF) to defend a bottom trawling ban that Oceana successfully advocated for in 2018.",What environmental protection was achieved in 2018 that the fishers are now advocating to maintain?,"In 2018, Oceana successfully advocated for a bottom trawling ban, which the fishers are now seeking to preserve.",ESGBERT/social_data,none,1,1,0,0,0,Pergunta bem específica e depende muito do momento que é perguntada.
We are looking at future opportunities to expand our involvement with external initiatives and organizations as we continue to develop our ESG program.,What indicates the entity's current stage of ESG program development?,"The entity is in a phase of continued development of its ESG program, as it is looking ahead to future opportunities for expanded involvement",ESGBERT/social_data,none,1,0,1,0,0,A pergunta é bastante dependente do contexto
"Preserve the Rainforests Tropical forests are one of our best natural solutions against the climate crisis, but big corporations continue to profit from their destruction.",How are tropical forests described in relation to the climate crisis?,Tropical forests are described as one of our best natural solutions against the climate crisis.,ESGBERT/governance_data,none,1,1,0,1,0,A resposta depende do contexto.
"Mariana Oliviera supports WRI Brasil’s Forests, Land Use and Agriculture program.",Which organization does Mariana Oliviera provide support to?,She provides support to WRI Brasil.,ESGBERT/environment_data,none,1,0,0,0,0,O par não parece ter tanta relação com o contexto ESG
We conduct an annual compliance and ethics campaign to provide training and promote awareness and engagement.,What is the primary objective of the compliance and ethics campaign?,The primary objective is to promote awareness and engagement through training on compliance and ethics.,ESGBERT/governance_data,none,1,0,0,1,0,A resposta depende do contexto.
"Over the last two years, a clear consensus has emerged: Securing the health of Earth’s climate, ecosystems and biodiversity is essential to the survival of all people.",How long has it taken for the consensus on the importance of Earth’s health to emerge?,The consensus has emerged over the last two years.,ESGBERT/social_data,none,1,0,0,1,0,A resposta é meio dependente do momento que a pergunta é feita.
"The magazine?s work has been recognized by awards from the Society of Environmental Journalists, the San Francisco Press Club, and the John Burroughs Association.",Which organizations have acknowledged the magazine’s work through awards?,"The Society of Environmental Journalists, the San Francisco Press Club, and the John Burroughs Association have acknowledged the magazine’s work through awards.",ESGBERT/social_data,none,1,0,0,0,0,A pergunta é bastante dependente do contexto
"Global Programs Management and General $153,354,765 Zoos and Aquarium (incl.",Which ESG-related area is associated with the Global Programs Management and General funding mentioned?,The funding is associated with Zoos and Aquariums.,ESGBERT/governance_data,none,1,0,0,1,0,Contexto muito estranho.
"We also train volunteer ambassadors, organize Bat Walks, and annually coordinate a chockfull week of bat-promoting events.",What kind of educational or engagement activities are organized to promote bats?,"Volunteer ambassadors are trained, Bat Walks are organized, and a week of bat-promoting events is coordinated annually.",ESGBERT/social_data,none,1,1,1,0,0,A resposta depende do contexto.
"Because snow leopards are so elusive, we set up across 5,000+ square kilometers—creating the highest altitude camera trap network in the world .",What makes the snow leopard monitoring effort unique in its approach?,It involves creating the highest altitude camera trap network in the world.,ESGBERT/environment_data,none,1,1,0,0,0,A resposta depende do contexto.
"In response, The Nature Conservancy teamed up with LALA Group, the region’s largest dairy company, to make farms more sustainable by providing farmers with technical and financial assistance to transform typical small-plot grass pastures with plantings of diverse shrubs and trees.",What kind of support is being provided to farmers to achieve sustainability?,Farmers are receiving technical and financial assistance to transform their pastures.,ESGBERT/environment_data,none,1,1,0,0,0,"A pergunta não dá contexto suficiene para responder ela de forma objetiva, sendo dependente do contexto."
"As we begin another year of this pivotal decade for nature, the conservation community must build a bigger tent.","Why is it important for the conservation community to \""build a bigger tent\"" in this pivotal decade for nature?","It is important to build a bigger tent to include a broader range of stakeholders and perspectives, which can strengthen collective efforts to address critical environmental challenges.",ESGBERT/social_data,none,1,0,1,0,0,A pergunta é bastante dependente do contexto
The advocacy effort was led by the Disability and Aging Collaborative—a coalition NCOA formed and co-chairs.,What organization formed and co-chairs the coalition that led the advocacy effort?,The National Council on Aging (NCOA) formed and co-chairs the coalition that led the advocacy effort.,ESGBERT/social_data,none,1,0,1,0,0,A pergunta é bastante dependente do contexto
"As a De Beers sightholder, we ensure compliance with international human rights standards derived from compliance with the De Beers Best Practice Principles.",How does the role of being a De Beers sightholder contribute to the entity’s ESG performance?,Being a De Beers sightholder contributes to the entity’s ESG performance by ensuring compliance with international human rights standards.,ESGBERT/social_data,none,1,0,1,0,0,A pergunta é bastante dependente do contexto
"In states such as Idaho, Louisiana, and Tennessee, we’ve opposed state lawmakers’ attempts to ban educators in public schools and universities from even discussing supposedly “divisive concepts” such as critical race theory, which explores how systemic racism is deeply ingrained in American institutions, as well as gender equality and LGBTQ rights.","Which rights and concepts have been targeted by the legislation in Idaho, Louisiana, and Tennessee?","The legislation in Idaho, Louisiana, and Tennessee has targeted discussions on critical race theory, gender equality, and LGBTQ rights, labeling them as \""divisive concepts.\""",ESGBERT/social_data,none,1,0,1,1,0,A pergunta é bastante dependente do contexto
"The mix offers shade, restores water sources, locks in soil nutrients, supports biodiversity and ensures a longer grazing season.",In what way does the mix support biodiversity in the environment?,"The mix supports biodiversity by providing a habitat and resources that sustain a variety of species, thus contributing to a more diverse and resilient ecosystem.",ESGBERT/environment_data,none,1,1,0,0,0,A pergunta é bastante dependente do contexto
"Davis is the founder of Fundación Punta de Lobos, a non-profit organization aiming to protect and preserve the Chilean coastline and its ecosystems.",What role does Davis play in environmental conservation in Chile?,Davis plays a role as a founder and leader in environmental conservation in Chile through his work with Fundación Punta de Lobos.,ESGBERT/environment_data,none,1,1,0,0,0,Perguntas sobre uma pessoa em específico não me parecem tão úteis para o dataset.
"The Conservancy is also helping governments create similar permanent legal and community-led protections for rivers, lakes and wetlands.",What role does the Conservancy play in protecting water ecosystems?,"The Conservancy helps governments create permanent legal and community-led protections for rivers, lakes, and wetlands.",ESGBERT/social_data,none,1,0,1,0,0,A pergunta é bastante dependente do contexto
"He specializes in bioeconomics, marine ecosystem valuation, and the analysis of global issues such as fisheries subsidies, illegal fishing, climate change, and oil spills.",How might marine ecosystem valuation contribute to addressing the impacts of climate change?,"Marine ecosystem valuation can help quantify the environmental and economic benefits of healthy marine ecosystems, guiding policies and interventions aimed at mitigating the impacts of climate change.",ESGBERT/environment_data,none,1,1,0,0,0,"O problema é que o contexto dado está realmente muito estranho, se não fosse por isso, estaria no bom."
We also provide quarterly updates to our Nominating and Corporate Governance Committee regarding our ESG engagement.,How frequently is ESG engagement progress reported to the Nominating and Corporate Governance Committee?,Quarterly.,ESGBERT/governance_data,none,1,0,0,1,0,Contexto está meio estranho e a pergunta em si pode não ser tão boa.
"ISSUE SUMMARY Earthjustice and community groups reached a landmark settlement with the developer of a massive warehouse to invest $vehicles and equipment, rooftop solar, and other solutions that will electrify the facility and reduce harms to local air quality, wildlife, and the climate.",What are the primary environmental benefits expected from the electrification of the warehouse facility?,"The primary environmental benefits include reduced harms to local air quality, wildlife, and the climate.",ESGBERT/governance_data,none,1,1,0,1,0,A pergunta é bastante dependente do contexto
"Now a full-time WCS Youth Development Coordinator, Olivia inspires her fellow Bronx youth to become involved in conservation, and helps shape WCS’s educational programming.",How does Olivia contribute to promoting conservation among youth in the Bronx?,Olivia inspires her fellow Bronx youth to become involved in conservation and helps shape the Wildlife Conservation Society’s (WCS) educational programming.,ESGBERT/environment_data,none,1,1,0,0,0,Perguntas sobre uma pessoa em específico não me parecem tão úteis para o dataset.
Our new Public Policy program will focus on organizing and empowering a national alliance of local and state-level animal advocacy groups and uniting them around legislative agendas that include animals raised for food.,How does the Public Policy program aim to advance animal advocacy through governance?,The Public Policy program aims to organize and empower a national alliance of local and state-level animal advocacy groups to unite around legislative agendas that include animals raised for food.,ESGBERT/governance_data,none,1,0,0,1,0,A pergunta é bastante dependente do contexto
"By playing the “best friend” to a protagonist, these theatrical thespians achieved several goals, which include, but are not limited to enriching the lead actors’ vulnerabilities, extracting the characters’ authentic selves, bringing some comic relief and ultimately highlighting the importance of the human-animal bond.",What is one way these thespians support the emotional depth of the lead characters?,One way these thespians support the emotional depth of the lead characters is by enriching their vulnerabilities and extracting their authentic selves.,ESGBERT/social_data,none,1,0,0,0,0,A pergunta é bastante dependente do contexto e não faz muito sentido com o contexto ESG
"We focused our efforts and resources on accelerating our conservation plans, enabled by leading-edge financial, information technology, and investment management tools and strategies.",What is the primary goal of the financial and investment management strategies mentioned?,The primary goal is to accelerate conservation plans.,ESGBERT/governance_data,none,1,0,0,1,0,A pergunta é bastante dependente do contexto
"While agreements emerging from negotiations to decarbonize the global economy and accelerate the clean-energy transition ultimately fell short, nations did agree on major initiatives to rein in methane emissions, halt deforestation and make new climate finance pledges.",What specific environmental initiatives did nations agree on to address climate change?,"Nations agreed on major initiatives to rein in methane emissions, halt deforestation, and make new climate finance pledges.",ESGBERT/environment_data,none,1,1,0,1,0,"Problema que a pergunta não é tão especifica, então dependendo do momento que é perguntado, pode ser que a resposta seja diferente."
We have been at the vanguard of conservation since mission to save the earth’s wildlife and wild places through a unique mix of zoo- and field-based work.,What approach has been central to the organization's conservation efforts?,A unique mix of zoo- and field-based work has been central to the organization's conservation efforts.,ESGBERT/environment_data,none,1,1,0,0,0,A pergunta é bastante dependente do contexto
"Two Years, Zero Poaching We are taking our successful co-management approach and applying it to other key elephant landscapes, most notably in Mozambique’s Niassa National Reserve, which contains the country’s largest population of elephants.",In which region is the co-management approach being applied to protect elephant populations?,The co-management approach is being applied in Mozambique’s Niassa National Reserve.,ESGBERT/governance_data,none,1,1,0,1,0,A pergunta é bastante dependente do contexto
Supporting them is the right thing to do for our communities and our company.,Why is supporting communities considered important for the company?,Supporting communities is considered important for the company because it is the right thing to do and aligns with both community and corporate interests.,ESGBERT/governance_data,none,1,0,1,1,0,A pergunta é bastante dependente do contexto
"and contain most of its remaining wildlands 28% Invited by the Tribal leaders who led the efforts to create and restore Bears Ears, The Wilderness Society’s President Jamie Williams (2nd from right, back row) attended the signing ceremony on October 8, 2021.",What percentage of wildlands does Bears Ears contain?,Bears Ears contains 28% of the region’s remaining wildlands.,ESGBERT/social_data,none,1,1,0,0,0,"Pergunta não parece tão útil, além de ser muito especifica."
The project has succeeded in blocking numerous permits and has brought international attention to the issue through widespread media coverage.,How has the project increased awareness about the issue on a global scale?,The project has brought international attention to the issue through widespread media coverage.,ESGBERT/governance_data,none,1,0,0,1,0,Pergunta depende do contexto.
"On behalf of our entire team at Trinity, we are incredibly proud of our people and culture, our strong track record of operational excellence and risk management, and our collective role as stewards of the environment.",What areas of governance and performance does Trinity emphasize in its statement?,"Trinity emphasizes its people and culture, operational excellence, risk management, and environmental stewardship.",ESGBERT/governance_data,none,1,0,0,1,0,Pergunta depende do contexto.
The changes will be reflected in the edition of the code.,How is the implementation of changes being ensured?,The implementation of changes is being ensured by reflecting them in the edition of the code.,ESGBERT/governance_data,none,1,0,0,1,0,Pergunta depende do contexto.
